{
  "name": "ng-file-model",
  "homepage": "https://github.com/mistralworks/ng-file-model",
  "authors": [
    "Yoza Wiratama <Yoza Wiratama>"
  ],
  "description": "modeling file input with angularjs",
  "main": "ng-file-model.js",
  "dependencies": {
    "angular": "1.5.0"
  },
  "keywords": [
    "angular",
    "file",
    "reader",
    "angular-file",
    "ng-file-model",
    "angular-file-model"
  ],
  "license": "MIT",
  "ignore": [
    "**/.*",
    "node_modules",
    "bower_components",
    "test",
    "tests"
  ],
  "_release": "0b05b564c3",
  "_resolution": {
    "type": "branch",
    "branch": "master",
    "commit": "0b05b564c343645442bc74066e33e467441ad933"
  },
  "_source": "https://github.com/mistralworks/ng-file-model.git",
  "_target": "*",
  "_originalSource": "ng-file-model"
}