{
  "name": "angular-carousel",
  "description": "Angular Carousel - Mobile friendly touch carousel for AngularJS",
  "version": "1.0.1",
  "homepage": "http://revolunet.github.com/angular-carousel",
  "author": "Julien Bouquillon <julien@revolunet.com>",
  "repository": {
    "type": "git",
    "url": "git://github.com/revolunet/angular-carousel.git"
  },
  "main": [
    "dist/angular-carousel.js",
    "dist/angular-carousel.css"
  ],
  "ignore": [
    "demo"
  ],
  "dependencies": {
    "angular": ">=1.2.10",
    "angular-touch": ">=1.2.10"
  },
  "devDependencies": {
    "angular-mocks": ">=1.2.10",
    "requirejs": ">=2.1.0"
  },
  "_release": "1.0.1",
  "_resolution": {
    "type": "version",
    "tag": "v1.0.1",
    "commit": "5b07a351ce971d6b49a5d0b855b950c25d4b14fd"
  },
  "_source": "https://github.com/revolunet/angular-carousel.git",
  "_target": "~1.0.1",
  "_originalSource": "angular-carousel"
}