{
  "name": "angular-touch",
  "version": "1.6.1",
  "license": "MIT",
  "main": "./angular-touch.js",
  "ignore": [],
  "dependencies": {
    "angular": "1.6.1"
  },
  "homepage": "https://github.com/angular/bower-angular-touch",
  "_release": "1.6.1",
  "_resolution": {
    "type": "version",
    "tag": "v1.6.1",
    "commit": "85eb12433ad77f9d09044c620a701a0e06e88995"
  },
  "_source": "https://github.com/angular/bower-angular-touch.git",
  "_target": ">=1.2.10",
  "_originalSource": "angular-touch"
}