{
  "name": "superfish",
  "version": "1.7.9",
  "main": [
    "dist/js/superfish.js",
    "dist/js/hoverIntent.js",
    "dist/css/superfish.css"
  ],
  "license": "MIT",
  "ignore": [
    "**/.*",
    "*.json",
    "Gruntfile.coffee",
    "changelog.txt",
    "node_modules",
    "components",
    "README.md",
    "test",
    "src"
  ],
  "dependencies": {
    "jquery": ">=1.8"
  },
  "homepage": "https://github.com/joeldbirch/superfish",
  "_release": "1.7.9",
  "_resolution": {
    "type": "version",
    "tag": "v1.7.9",
    "commit": "f7ecf3c57f7f1c207ce0207778090c3252fef6c4"
  },
  "_source": "https://github.com/joeldbirch/superfish.git",
  "_target": "1.7.9",
  "_originalSource": "superfish"
}